{"main":"american-flights-api.raml","name":"American Flights API","classifier":"raml","tags":[],"dependencies":[{"groupId":"68ef9520-24e9-4cf2-b2f5-620025690913","assetId":"training-american-flight-data-type","version":"1.0.1"},{"groupId":"68ef9520-24e9-4cf2-b2f5-620025690913","assetId":"training-american-flights-example","version":"1.0.1"}],"groupId":"173a94b3-118b-4b1f-901e-846c872aaa76","backwardsCompatible":false,"assetId":"american-flights-api","version":"1.0.1","apiVersion":"v1","metadata":{"projectId":"0bb8f582-9fd7-4ceb-ad94-f5b62bfd6ede","branchId":"master","commitId":"58539e261c4abefbcbde65b74f377c61baf2580d"}}